ANDRE Mattéo;andre;Mattéo;Mattéo;;;ELEVES;3E1;xa3;03386081097;13/01/2006
BENARD Lauréane Laurine Francine;benardl;Lauréane Laurine Francine;Lauréane;Laurine;Francine;ELEVES;3E1;fd6;03983081097;29/09/2006
BOBROSKY Maëlys Florine;bobroskym;Maëlys Florine;Maëlys;Florine;;ELEVES;3E1;rfg;03388081097;09/11/2006
BOURSCHEIDT Manon;bourscheidt;Manon;Manon;;;ELEVES;3E1;whr;03390081097;05/09/2005
CACHIER Ethan;cachiere;Ethan;Ethan;;;ELEVES;3E1;apg;03392081097;07/04/2006
CLAUS Jouhan;claus;Jouhan;Jouhan;;;ELEVES;3E1;w36;04314081097;06/11/2006
COLINET Quentin Christian Patrick;colinet;Quentin Christian Patrick;Quentin;Christian;Patrick;ELEVES;3E1;fym;04262081097;22/12/2006
DORDAIN Célia;dordain;Célia;Célia;;;ELEVES;3E1;wia;03405081097;28/06/2006
DUCHENE Nina;duchene;Nina;Nina;;;ELEVES;3E1;eevv;04031081097;19/07/2006
GAUTHIEZ Valentin;gauthiezv;Valentin;Valentin;;;ELEVES;3E1;epiw;03409081097;30/09/2006
GRASSET Alan Sylvain Fabrice;grasseta;Alan Sylvain Fabrice;Alan;Sylvain;Fabrice;ELEVES;3E1;ucj;03754081097;01/11/2005
HAMIOT-SARRAZIN Noah Anthony Maxime;hamiot-sarr;Noah Anthony Maxime;Noah;Anthony;Maxime;ELEVES;3E1;9qm;03418081097;31/03/2006
JACOTTIN Loïc Lucien Louis;jacottinl;Loïc Lucien Louis;Loïc;Lucien;Louis;ELEVES;3E1;6e4r;03424081097;17/06/2006
JACQUEMIN Soren;jacquemins;Soren;Soren;;;ELEVES;3E1;je8w;03425081097;20/09/2006
LE ROUZES Yanis Maurice;lerouzesy;Yanis Maurice;Yanis;Maurice;;ELEVES;3E1;mefk;03430081097;11/08/2006
LEFEVRE Louna;lefevrel;Louna;Louna;;;ELEVES;3E1;te7i;04264081097;14/03/2006
LEPINOIS Clément Bernard Max;lepinois;Clément Bernard Max;Clément;Bernard;Max;ELEVES;3E1;5zph;03436081097;28/05/2006
LOBRY Candice Jocelyne Anita;lobry;Candice Jocelyne Anita;Candice;Jocelyne;Anita;ELEVES;3E1;chp5;03760081097;07/02/2005
LUPO Enzo;lupo;Enzo;Enzo;;;ELEVES;3E1;fjc;03316081097;18/10/2005
NEMERY Lola;nemeryl;Lola;Lola;;;ELEVES;3E1;ng4n;03447081097;21/12/2006
NOTHUM Mélissa Claudine Brigitte;nothum;Mélissa Claudine Brigitte;Mélissa;Claudine;Brigitte;ELEVES;3E1;kkfc;03449081097;16/03/2006
OBIANG NZOUGHE Rodrigue Marouane Luca;obiangnzoug;Rodrigue Marouane Luca;Rodrigue;Marouane;Luca;ELEVES;3E1;zaw;03744081097;31/05/2006
ORQUEVAUX Flavie Mélanie;orquevaux;Flavie Mélanie;Flavie;Mélanie;;ELEVES;3E1;fcsg;03450081097;03/11/2006
PELTIER Hayden Patrick Cédric;peltierh;Hayden Patrick Cédric;Hayden;Patrick;Cédric;ELEVES;3E1;6rv;03451081097;28/09/2006
PERNOT Maëlys;pernotm;Maëlys;Maëlys;;;ELEVES;3E1;54mj;03454081097;07/06/2006
PIERRARD Nikita Cindy Mathilda;pierrardn;Nikita Cindy Mathilda;Nikita;Cindy;Mathilda;ELEVES;3E1;f9kj;04276081097;26/05/2006
SEVENO Nathaël Alain René;seveno;Nathaël Alain René;Nathaël;Alain;René;ELEVES;3E1;h7ve;03462081097;20/03/2006
TITAUX Lauryne Charline;titaux;Lauryne Charline;Lauryne;Charline;;ELEVES;3E1;5bm;03467081097;18/09/2006
VILLENA Lucas Sébastien;villena;Lucas Sébastien;Lucas;Sébastien;;ELEVES;3E1;rys;03469081097;25/11/2006
BODA Maxime;boda;Maxime;Maxime;;;ELEVES;3E2;ejz;03389081097;24/12/2006
CARRE Angie Léna;carre;Angie Léna;Angie;Léna;;ELEVES;3E2;rvb;03393081097;21/01/2006
CHARBONNIER Cléa Ghislaine Maryse;charbonniec;Cléa Ghislaine Maryse;Cléa;Ghislaine;Maryse;ELEVES;3E2;6vup;03394081097;10/12/2006
CHARDONNET Maëva Alice;chardonnet;Maëva Alice;Maëva;Alice;;ELEVES;3E2;p6q;03395081097;09/11/2006
COURVOISIER-CLEMENT Victor Martin;courvoisiev;Victor Martin;Victor;Martin;;ELEVES;3E2;3fg;03399081097;20/05/2006
DENOIT Maxence Serge Didier;denoit;Maxence Serge Didier;Maxence;Serge;Didier;ELEVES;3E2;c29q;03400081097;19/10/2005
DESSEAUX Vianney Arthur Jérôme;desseaux;Vianney Arthur Jérôme;Vianney;Arthur;Jérôme;ELEVES;3E2;vx6;03403081097;05/11/2006
DUFILS Paulin Roger Marcel;dufilsp;Paulin Roger Marcel;Paulin;Roger;Marcel;ELEVES;3E2;v9t8;03406081097;01/09/2006
FERGER Matthieu Alain Jérôme;ferger;Matthieu Alain Jérôme;Matthieu;Alain;Jérôme;ELEVES;3E2;6k2;04037081097;13/02/2006
GILLOTIN Bryan Serge Joël;gillotin;Bryan Serge Joël;Bryan;Serge;Joël;ELEVES;3E2;dfmt;03411081097;18/05/2006
GOBERT Axel Olivier Alain;gobert;Axel Olivier Alain;Axel;Olivier;Alain;ELEVES;3E2;cszu;03412081097;31/05/2006
HAINON Nicolas Jérôme;hainonn;Nicolas Jérôme;Nicolas;Jérôme;;ELEVES;3E2;bxwa;03417081097;19/09/2006
JONET Maxence Jean Patrick;jonet;Maxence Jean Patrick;Maxence;Jean;Patrick;ELEVES;3E2;72sa;03427081097;12/04/2006
LAMONTAGNE Lubin Désiré Clément;lamontagne;Lubin Désiré Clément;Lubin;Désiré;Clément;ELEVES;3E2;cikp;03429081097;13/05/2006
LANDRAGIN ORSERO Elouan Victor;landraginor;Elouan Victor;Elouan;Victor;;ELEVES;3E2;eau;03999081097;31/08/2005
LEBEAUX Mathis Claude Francisco;lebeaux;Mathis Claude Francisco;Mathis;Claude;Francisco;ELEVES;3E2;bmt;03431081097;10/05/2006
LEFEVRE Mathis Jean René;lefevrem;Mathis Jean René;Mathis;Jean;René;ELEVES;3E2;gy7j;03432081097;08/02/2006
LEHURAUX Eulalie;lehuraux;Eulalie;Eulalie;;;ELEVES;3E2;3bh4;03433081097;03/08/2006
LEROY Mahé Ronan;leroy2;Mahé Ronan;Mahé;Ronan;;ELEVES;3E2;4cv;03438081097;08/05/2006
LUGNIER Jade Monique Gisèle;lugnier;Jade Monique Gisèle;Jade;Monique;Gisèle;ELEVES;3E2;2auq;03441081097;15/11/2006
MELI Arnaud Brice;meli;Arnaud Brice;Arnaud;Brice;;ELEVES;3E2;42y;03444081097;12/09/2006
MONNOIS Lilou Sylviane Evelyne;monnoisl;Lilou Sylviane Evelyne;Lilou;Sylviane;Evelyne;ELEVES;3E2;jyb5;03445081097;07/02/2006
POLET Audrey Nicole Lysiane;poleta;Audrey Nicole Lysiane;Audrey;Nicole;Lysiane;ELEVES;3E2;zc9x;03455081097;05/12/2006
QUINART Mathis;quinart;Mathis;Mathis;;;ELEVES;3E2;b4v;03456081097;12/10/2006
RENNESSON Lukas Romain Olivier;rennesson;Lukas Romain Olivier;Lukas;Romain;Olivier;ELEVES;3E2;ty9;03459081097;28/08/2006
TELOT Inès Monique;teloti;Inès Monique;Inès;Monique;;ELEVES;3E2;2rzs;04282081097;02/10/2005
VANSTEENKISTE Héloïse Annie;vansteenkis;Héloïse Annie;Héloïse;Annie;;ELEVES;3E2;rfs;03468081097;07/09/2006
BLONDELLE Eve Sylviane Marie;blondelle;Eve Sylviane Marie;Eve;Sylviane;Marie;ELEVES;3E3;zt7;03504081097;15/09/2005
CHARTIER Augustin Roger Etienne;chartier;Augustin Roger Etienne;Augustin;Roger;Etienne;ELEVES;3E3;bizf;03396081097;23/01/2006
FORET William Norbert Francis;foret1;William Norbert Francis;William;Norbert;Francis;ELEVES;3E3;eben;04268081097;10/05/2006
KLEIN Enzo Didier Jackie;klein;Enzo Didier Jackie;Enzo;Didier;Jackie;ELEVES;3E3;4xpz;03471081097;15/05/2006
LALLEMENT Léo Arnaud;lallementl;Léo Arnaud;Léo;Arnaud;;ELEVES;3E3;uzn;03485081097;27/02/2005
LEMAIRE Alexandrine Michelle;lemairea;Alexandrine Michelle;Alexandrine;Michelle;;ELEVES;3E3;yd4j;03435081097;11/06/2006
MARCHERAS Anathole;marcherasa;Anathole;Anathole;;;ELEVES;3E3;vpj;03472081097;14/10/2005
OLIVIER Louna Marie Evelyne;olivier;Louna Marie Evelyne;Louna;Marie;Evelyne;ELEVES;3E3;pej;03473081097;16/02/2006
PANNIER Baptiste Jean Henri;pannierb;Baptiste Jean Henri;Baptiste;Jean;Henri;ELEVES;3E3;6x7j;03474081097;30/05/2005
POINDRONT Maxence Etienne Karin;poindront;Maxence Etienne Karin;Maxence;Etienne;Karin;ELEVES;3E3;etvn;03475081097;14/11/2005
BIENIARA Mathys Thomas Louis;bieniara;Mathys Thomas Louis;Mathys;Thomas;Louis;ELEVES;3E4;j62b;03387081097;02/09/2006
CORSIN Carole Julie;corsin;Carole Julie;Carole;Julie;;ELEVES;3E4;ft6h;03397081097;11/05/2007
COSTA - DUPONT Melvin;costa-dupon;Melvin;Melvin;;;ELEVES;3E4;fcsp;03398081097;05/03/2006
DERUE Antoine Jean Gérard;deruea;Antoine Jean Gérard;Antoine;Jean;Gérard;ELEVES;3E4;8wrn;03401081097;13/10/2006
DUGENIE Lucie;dugenie;Lucie;Lucie;;;ELEVES;3E4;vt4;03407081097;18/05/2006
DUJARDIN Tom Johan;dujardin;Tom Johan;Tom;Johan;;ELEVES;3E4;svyv;03989081097;24/05/2006
FAVREL Camille Jeanne-Marie Nathalie;favrel;Camille Jeanne-Marie Nathalie;Camille;Jeanne-Marie;Nathalie;ELEVES;3E4;6rz;03408081097;10/01/2006
GILLE Maxence;gille;Maxence;Maxence;;;ELEVES;3E4;h93;03410081097;19/02/2006
GOIN Hugo Pierre Jean-Pierre;goinh;Hugo Pierre Jean-Pierre;Hugo;Pierre;Jean-Pierre;ELEVES;3E4;nbh3;03414081097;09/01/2006
GUICHARD Cyriel;guichardc;Cyriel;Cyriel;;;ELEVES;3E4;rcj;03768081097;14/05/2005
HAUDECOEUR Marc Jacky Joël;haudecoeur;Marc Jacky Joël;Marc;Jacky;Joël;ELEVES;3E4;x4n;03419081097;05/08/2006
HAUET Oxance Jean Edouard;hauet;Oxance Jean Edouard;Oxance;Jean;Edouard;ELEVES;3E4;q5w;03420081097;29/09/2006
HENRY Zachary Frédéric;henryz;Zachary Frédéric;Zachary;Frédéric;;ELEVES;3E4;wmx;03421081097;03/10/2006
HONS Marceline Maria Michèle;honsm;Marceline Maria Michèle;Marceline;Maria;Michèle;ELEVES;3E4;7u5t;03422081097;22/10/2006
JEANNOT Jeason;jeannot;Jeason;Jeason;;;ELEVES;3E4;q567;03426081097;16/01/2006
LELARGE-ODIENNE Garance;lelarge-odg;Garance;Garance;;;ELEVES;3E4;sbb;03434081097;15/08/2006
LEROY Hugo Roger;leroyh;Hugo Roger;Hugo;Roger;;ELEVES;3E4;pin5;03437081097;22/08/2006
LOY Cyprien;loy;Cyprien;Cyprien;;;ELEVES;3E4;wder;03440081097;27/11/2006
MARQUAND Océane Patricia Georgette;marquand;Océane Patricia Georgette;Océane;Patricia;Georgette;ELEVES;3E4;6kn;03442081097;11/03/2005
NIVOIT Lucille Estelle;nivoitl;Lucille Estelle;Lucille;Estelle;;ELEVES;3E4;2xf5;03448081097;07/03/2006
PERCEBOIS Amélia;percebois;Amélia;Amélia;;;ELEVES;3E4;u4p;03452081097;13/06/2005
RENARD Chloé Julie;renard;Chloé Julie;Chloé;Julie;;ELEVES;3E4;gx7;03457081097;02/02/2006
RENARD Mathilde Renée;renardm;Mathilde Renée;Mathilde;Renée;;ELEVES;3E4;hmqi;03458081097;02/02/2006
SEMBENI Bonaventure Jacky Georges;sembeni;Bonaventure Jacky Georges;Bonaventure;Jacky;Georges;ELEVES;3E4;xax;03461081097;04/02/2007
SOMVILLE Léa Virginie Stéphanie;somvillel;Léa Virginie Stéphanie;Léa;Virginie;Stéphanie;ELEVES;3E4;55k;03464081097;28/07/2005
THOME Rémi;thomer;Rémi;Rémi;;;ELEVES;3E4;qcr;03466081097;04/05/2006
VAUCHE Emelyne;vauche;Emelyne;Emelyne;;;ELEVES;3E4;9mw;04001081097;08/02/2005
BARCIK Elliot;barcik;Elliot;Elliot;;;ELEVES;4E1;r2tm;03514081097;31/10/2007
BASTARD Manon;bastard;Manon;Manon;;;ELEVES;4E1;mbb;03516081097;07/02/2007
BERNARD Enzo Joël Gérard;bernard;Enzo Joël Gérard;Enzo;Joël;Gérard;ELEVES;4E1;zta;03522081097;24/09/2007
BJENIO Anissia Suzanne Nathalie;bjenioa;Anissia Suzanne Nathalie;Anissia;Suzanne;Nathalie;ELEVES;4E1;gfyu;03524081097;24/05/2007
BOURGIN Janelle;bourgin;Janelle;Janelle;;;ELEVES;4E1;ned;03528081097;16/06/2007
DAUBY Philipinne;dauby;Philipinne;Philipinne;;;ELEVES;4E1;m3rd;03554081097;24/10/2007
DAUMONT Jules Emile;daumontj;Jules Emile;Jules;Emile;;ELEVES;4E1;xsp;03556081097;09/08/2007
HUGUE Kyllian Bernard Francois;hugue;Kyllian Bernard Francois;Kyllian;Bernard;Francois;ELEVES;4E1;u4n;04258081097;19/07/2007
HUOT Leane Corinne Martine;huotl;Leane Corinne Martine;Leane;Corinne;Martine;ELEVES;4E1;245e;04021081097;28/01/2007
JOYEUX Mathéo Dylan;joyeux;Mathéo Dylan;Mathéo;Dylan;;ELEVES;4E1;6wm3;03606081097;15/02/2006
LABBE Lisa Eve Désirée;labbe;Lisa Eve Désirée;Lisa;Eve;Désirée;ELEVES;4E1;c46i;03610081097;18/03/2007
LAUDE Kalvin;laude;Kalvin;Kalvin;;;ELEVES;4E1;9ki;03622081097;16/02/2007
LAURENT Jade Thérèse Chantal;laurentj;Jade Thérèse Chantal;Jade;Thérèse;Chantal;ELEVES;4E1;m99r;03624081097;11/12/2007
LINETTE Timothé Paul Gabriel;linette;Timothé Paul Gabriel;Timothé;Paul;Gabriel;ELEVES;4E1;h9uw;03630081097;30/07/2007
MARTINET Noémie Eva;martinetn;Noémie Eva;Noémie;Eva;;ELEVES;4E1;yks;03638081097;13/09/2007
MERCIER Kylian Cédric;mercier;Kylian Cédric;Kylian;Cédric;;ELEVES;4E1;zac;04280081097;06/04/2007
PAULY Kimberley Prosperine;pauly;Kimberley Prosperine;Kimberley;Prosperine;;ELEVES;4E1;c36m;03762081097;27/06/2006
ROGER Samuel Hubert Claude;rogers;Samuel Hubert Claude;Samuel;Hubert;Claude;ELEVES;4E1;6kb;03668081097;28/11/2007
SANTERRE Clara;santerrec;Clara;Clara;;;ELEVES;4E1;78ha;03672081097;21/09/2007
SARAIVA Lili;saraiva;Lili;Lili;;;ELEVES;4E1;bwv;03674081097;09/11/2007
SIMON Lizzie;simonl;Lizzie;Lizzie;;;ELEVES;4E1;95cd;03676081097;24/12/2007
TOURTIAUT Antonine;tourtiauta;Antonine;Antonine;;;ELEVES;4E1;y5n5;03688081097;18/05/2007
AUDEGOND Justine Isabelle Christelle;audegond;Justine Isabelle Christelle;Justine;Isabelle;Christelle;ELEVES;4E2;5f7;03510081097;23/07/2007
BOIZET Maxime Philippe;boizet;Maxime Philippe;Maxime;Philippe;;ELEVES;4E2;mng;03526081097;24/09/2006
CHAMAUX Guillaume André Jean-Marie;chamaux;Guillaume André Jean-Marie;Guillaume;André;Jean-Marie;ELEVES;4E2;d9z;03536081097;19/02/2007
CLARENNE Sarah Marthe;clarenne;Sarah Marthe;Sarah;Marthe;;ELEVES;4E2;kgc;03540081097;01/02/2007
COCHART Eléonore Patricia;cochart;Eléonore Patricia;Eléonore;Patricia;;ELEVES;4E2;ckw;03542081097;12/11/2007
COLSON Lucie Marie Camille;colsonl;Lucie Marie Camille;Lucie;Marie;Camille;ELEVES;4E2;j7u;03548081097;15/05/2007
COTTON Patric;cottonp;Patric;Patric;;;ELEVES;4E2;mfj;03550081097;16/07/2007
CREUWELS Louise Madeleine;creuwels;Louise Madeleine;Louise;Madeleine;;ELEVES;4E2;kic4;03552081097;27/11/2007
DESGEORGES Marius Denis Lylian;desgeorgesm;Marius Denis Lylian;Marius;Denis;Lylian;ELEVES;4E2;655;03566081097;28/09/2007
GEHIN Julien Hubert Jean-Yves;gehin;Julien Hubert Jean-Yves;Julien;Hubert;Jean-Yves;ELEVES;4E2;hpj;03582081097;19/12/2007
GILMER Gabriel Yoni;gilmer;Gabriel Yoni;Gabriel;Yoni;;ELEVES;4E2;nbwu;03584081097;26/03/2007
GRESSET Lindsay;gressetl;Lindsay;Lindsay;;;ELEVES;4E2;9yr;04284081097;07/02/2007
GUEGUEN-ARDOIS Maxence Thierry Roger;gueguen-ard;Maxence Thierry Roger;Maxence;Thierry;Roger;ELEVES;4E2;xdna;03588081097;11/10/2007
JELU-ROBERT Margotte Cristine;jelu-roberm;Margotte Cristine;Margotte;Cristine;;ELEVES;4E2;k9uu;03604081097;26/04/2007
MAROT Gabriel;marot;Gabriel;Gabriel;;;ELEVES;4E2;neum;03634081097;22/03/2007
MONCHAUX Witney Gabriel Gilbert;monchaux;Witney Gabriel Gilbert;Witney;Gabriel;Gilbert;ELEVES;4E2;ietc;03752081097;10/11/2006
PASQUIER Valentin Daniel Joël;pasquierv;Valentin Daniel Joël;Valentin;Daniel;Joël;ELEVES;4E2;nkc;03648081097;05/10/2007
PIERRON-CHOLLET Eliott Jean Joël;pierron-cho;Eliott Jean Joël;Eliott;Jean;Joël;ELEVES;4E2;c2vr;03995081097;16/05/2007
PIGOROT Flavie;pigorot;Flavie;Flavie;;;ELEVES;4E2;mdj;03654081097;05/04/2007
POTRON Lucie Claude Marcelle;potronl;Lucie Claude Marcelle;Lucie;Claude;Marcelle;ELEVES;4E2;6r3a;03658081097;02/07/2007
ROGISSART Clara Hélène Martine;rogissart;Clara Hélène Martine;Clara;Hélène;Martine;ELEVES;4E2;fdr;03670081097;06/05/2007
THIRIET-MILLART Jade Isabelle Caroline;thiriet-mil;Jade Isabelle Caroline;Jade;Isabelle;Caroline;ELEVES;4E2;2tex;03684081097;27/12/2007
THOMAS Pauline Nowlenn;thomasp;Pauline Nowlenn;Pauline;Nowlenn;;ELEVES;4E2;uvm;03686081097;12/11/2007
BOUVART Valentin;bouvartv;Valentin;Valentin;;;ELEVES;4E3;r4x;03700081097;05/02/2006
DELHAYE Tony Brayan Jean-Charles;delhaye;Tony Brayan Jean-Charles;Tony;Brayan;Jean-Charles;ELEVES;4E3;28b;03702081097;21/05/2006
DRUMEL Erwan Robert Michel;drumele;Erwan Robert Michel;Erwan;Robert;Michel;ELEVES;4E3;fye;03568081097;20/10/2006
JANES Shawn;janes;Shawn;Shawn;;;ELEVES;4E3;bhr;03706081097;21/09/2007
LE ROUX Mattéo;lerouxm;Mattéo;Mattéo;;;ELEVES;4E3;xw9;03710081097;11/01/2007
LIEBERT Morgan;liebert;Morgan;Morgan;;;ELEVES;4E3;arwj;03712081097;12/08/2006
MERCIER--HAINON Flora;mercier--ha;Flora;Flora;;;ELEVES;4E3;arx;03714081097;19/12/2007
MILLET Djimmy Fabrice Christophe;milletd;Djimmy Fabrice Christophe;Djimmy;Fabrice;Christophe;ELEVES;4E3;rbd;04013081097;26/09/2007
MINEAU Clara Sylvie Denise;mineauc;Clara Sylvie Denise;Clara;Sylvie;Denise;ELEVES;4E3;jqs;03716081097;16/05/2007
ROUSSEAUX Kenny Alain Jean-Luc;rousseauxk;Kenny Alain Jean-Luc;Kenny;Alain;Jean-Luc;ELEVES;4E3;ehk;03720081097;04/04/2007
ROYS Bryan Hervé Gilles;roys;Bryan Hervé Gilles;Bryan;Hervé;Gilles;ELEVES;4E3;6q6;03722081097;02/11/2006
SCHUTZ-FAUQUET Mathéo;schutz-fauq;Mathéo;Mathéo;;;ELEVES;4E3;f6b;04007081097;12/11/2007
TARRULO Kévin;tarrulok;Kévin;Kévin;;;ELEVES;4E3;haip;03993081097;25/04/2006
BEGUE Amélie Geneviève Béatrice;begue;Amélie Geneviève Béatrice;Amélie;Geneviève;Béatrice;ELEVES;4E4;hyp5;03520081097;05/07/2007
BRACONNIER Mathis;braconnierm;Mathis;Mathis;;;ELEVES;4E4;ixc;03532081097;12/07/2007
BRUNOIS-GOIN Emma Nathalie Sylvie;brunois-goi;Emma Nathalie Sylvie;Emma;Nathalie;Sylvie;ELEVES;4E4;3cq;03534081097;25/07/2007
COLSON Benjamin;colson;Benjamin;Benjamin;;;ELEVES;4E4;riu;03546081097;07/09/2007
DE VREESE Lou Ava Alice;devreese;Lou Ava Alice;Lou;Ava;Alice;ELEVES;4E4;iwe;03558081097;03/10/2007
GAVART Lorenzo;gavartl;Lorenzo;Lorenzo;;;ELEVES;4E4;e9nf;03578081097;21/12/2007
HENISSE Océane Layna;henisse;Océane Layna;Océane;Layna;;ELEVES;4E4;aeb;03590081097;19/12/2007
HERMANS Clara Brigitte Gisèle;hermans1;Clara Brigitte Gisèle;Clara;Brigitte;Gisèle;ELEVES;4E4;ifg;03594081097;28/12/2007
LABROCHE Lisa;labroche;Lisa;Lisa;;;ELEVES;4E4;zs4;03612081097;03/03/2007
LAMBINET Louan;lambinetl;Louan;Louan;;;ELEVES;4E4;ergr;03620081097;17/07/2007
LESUEUR Déborah;lesueurd;Déborah;Déborah;;;ELEVES;4E4;5zia;03628081097;05/06/2007
MARQUAND Léa Angélique Patricia;marquandl;Léa Angélique Patricia;Léa;Angélique;Patricia;ELEVES;4E4;jnw;03636081097;28/12/2006
PAPILLON Ophélie Michèle Maryvonne;papillon;Ophélie Michèle Maryvonne;Ophélie;Michèle;Maryvonne;ELEVES;4E4;5uu;04260081097;26/03/2007
PIERRARD Chris Guy Daniel;pierrard;Chris Guy Daniel;Chris;Guy;Daniel;ELEVES;4E4;jd8;04274081097;16/11/2007
PIQUET Léa Marie;piquetl;Léa Marie;Léa;Marie;;ELEVES;4E4;a58;03656081097;25/04/2007
RAULIN Norah;raulinn;Norah;Norah;;;ELEVES;4E4;tmfp;03660081097;26/10/2007
TARRES Timéo François Michel;tarrest;Timéo François Michel;Timéo;François;Michel;ELEVES;4E4;iw5t;03680081097;29/03/2007
TAYLOR Evi;taylor;Evi;Evi;;;ELEVES;4E4;9ja9;03682081097;20/06/2007
TREZAUNE Mathys David Bruno;trezaune;Mathys David Bruno;Mathys;David;Bruno;ELEVES;4E4;2i86;03690081097;23/08/2007
VERT Angéline Mireille Bernadette;vert;Angéline Mireille Bernadette;Angéline;Mireille;Bernadette;ELEVES;4E4;qn7p;03694081097;12/03/2007
VILMART Stanislas;vilmart;Stanislas;Stanislas;;;ELEVES;4E4;bh87;04025081097;18/12/2006
ALEXANDRE Maëlys Evelyne Anastasia Cindy;alexandre;Maëlys Evelyne Anastasia Cindy;Maëlys;Evelyne;Anastasia Cindy;ELEVES;4E5;vgc;03506081097;20/12/2006
ANDRES Phybie;andres;Phybie;Phybie;;;ELEVES;4E5;per;03508081097;04/04/2007
BOURGUIGNON Aurélie Léa;bourguignoa;Aurélie Léa;Aurélie;Léa;;ELEVES;4E5;yqry;04027081097;26/11/2007
CLARENNE Emma;clarennee;Emma;Emma;;;ELEVES;4E5;ie3v;03987081097;03/01/2007
COLIN Solène;colin;Solène;Solène;;;ELEVES;4E5;ripk;03544081097;04/03/2007
DE VREESE Romane Léa Mélissandre;devreeser;Romane Léa Mélissandre;Romane;Léa;Mélissandre;ELEVES;4E5;sp42;03560081097;02/02/2007
FAUCON Anyssia Camille Angélique;faucon;Anyssia Camille Angélique;Anyssia;Camille;Angélique;ELEVES;4E5;64wf;03570081097;14/12/2007
GARREC Layna Simone Annie;garrecl;Layna Simone Annie;Layna;Simone;Annie;ELEVES;4E5;q4b;03576081097;29/05/2007
HERMANS Célia;hermansc;Célia;Célia;;;ELEVES;4E5;dj4;03592081097;23/04/2007
HOTTIAUX Claryce Sophie;hottiauxc;Claryce Sophie;Claryce;Sophie;;ELEVES;4E5;22a2;03598081097;23/07/2007
HOUSSIAUX Lorenzo;houssiaux;Lorenzo;Lorenzo;;;ELEVES;4E5;8paj;03600081097;28/01/2007
JELU-ROBERT Ambre Marie;jelu-robert;Ambre Marie;Ambre;Marie;;ELEVES;4E5;qgm;03602081097;26/04/2007
JUPIN Jonathan David Denis;jupin;Jonathan David Denis;Jonathan;David;Denis;ELEVES;4E5;ed8;03608081097;12/02/2007
LACELLE-MANZONI Sasha Camille Francine;lacelle-man;Sasha Camille Francine;Sasha;Camille;Francine;ELEVES;4E5;qkk;03614081097;18/12/2007
LAMBINET Celian;lambinetc;Celian;Celian;;;ELEVES;4E5;yqv;03618081097;17/07/2007
LEDOUX Milla Julia;ledoux;Milla Julia;Milla;Julia;;ELEVES;4E5;nbaz;03626081097;22/08/2007
LINCK Samantha Marguerite;linck;Samantha Marguerite;Samantha;Marguerite;;ELEVES;4E5;k9d;03734081097;19/06/2006
MARQUES Gilian Erwan;marques;Gilian Erwan;Gilian;Erwan;;ELEVES;4E5;ig6;04266081097;06/12/2007
MINET Marius;minet;Marius;Marius;;;ELEVES;4E5;dji;03644081097;09/08/2007
QUITTE Tania;quitte;Tania;Tania;;;ELEVES;4E5;hdq;04270081097;02/04/2007
SCHMIT-KARL Logan Bernard;schmit-kar1;Logan Bernard;Logan;Bernard;;ELEVES;4E5;hips;04294081097;11/07/2006
VITTER Iris Violette Madeleine;vitter;Iris Violette Madeleine;Iris;Violette;Madeleine;ELEVES;4E5;emk;03698081097;03/10/2007
BELLEVEAU Garance Héloïse Eléonore;belleveau;Garance Héloïse Eléonore;Garance;Héloïse;Eléonore;ELEVES;5E1;ieb;03777081097;06/03/2008
BOBROSKY Corentin Daniel;bobrosky;Corentin Daniel;Corentin;Daniel;;ELEVES;5E1;idc;03781081097;04/12/2008
CALLET Alban;callet;Alban;Alban;;;ELEVES;5E1;r46;03793081097;02/04/2007
DAOUT Anaïs Naomie Patience;daout;Anaïs Naomie Patience;Anaïs;Naomie;Patience;ELEVES;5E1;n8ye;04298081097;10/04/2008
DIDIER Laurie Aurélie;didier;Laurie Aurélie;Laurie;Aurélie;;ELEVES;5E1;kyd;03813081097;07/07/2008
DOSSEREAUX Corentin Roger Régis;dossereaux;Corentin Roger Régis;Corentin;Roger;Régis;ELEVES;5E1;7c4;03815081097;15/11/2008
FAVREL Aurélien Jean-Pierre André;favrela;Aurélien Jean-Pierre André;Aurélien;Jean-Pierre;André;ELEVES;5E1;usp;03829081097;30/03/2008
FERON Gael Gilbert Hubert;feron;Gael Gilbert Hubert;Gael;Gilbert;Hubert;ELEVES;5E1;fzb;03831081097;02/10/2008
GILBERT-TILMAN Mayliss;gilbert-til;Mayliss;Mayliss;;;ELEVES;5E1;ukw;03835081097;11/02/2008
GUIBERT Joan;guibert;Joan;Joan;;;ELEVES;5E1;h7mz;03847081097;23/01/2008
HAAS Océane Amandine;haaso;Océane Amandine;Océane;Amandine;;ELEVES;5E1;2t9k;03977081097;12/03/2008
JENART Manon Jade Emelie;jenartm;Manon Jade Emelie;Manon;Jade;Emelie;ELEVES;5E1;yn6;03855081097;26/12/2008
LECOFFRE Eliott Paul;lecoffre;Eliott Paul;Eliott;Paul;;ELEVES;5E1;5yss;03869081097;02/04/2008
LOY Arthur Jean-Claude Patrick;loya;Arthur Jean-Claude Patrick;Arthur;Jean-Claude;Patrick;ELEVES;5E1;77b;03883081097;16/02/2008
MARTIN Alban Jules;martin;Alban Jules;Alban;Jules;;ELEVES;5E1;tzw;03885081097;08/04/2008
MELIN Thifaine Annick Morgane;melin;Thifaine Annick Morgane;Thifaine;Annick;Morgane;ELEVES;5E1;e8v;04308081097;07/12/2006
MIELOT Théodore Michel;mielot;Théodore Michel;Théodore;Michel;;ELEVES;5E1;34zx;03893081097;22/07/2008
MONNOIS Orlane Daphnée;monnois;Orlane Daphnée;Orlane;Daphnée;;ELEVES;5E1;ry3;03897081097;17/09/2008
RENNESSON Lilie-Rose Magali;rennessonl;Lilie-Rose Magali;Lilie-Rose;Magali;;ELEVES;5E1;dvjz;03927081097;07/10/2008
SCHMIT-KARL Kamille Marie;schmit-kark;Kamille Marie;Kamille;Marie;;ELEVES;5E1;p85;04292081097;23/08/2007
SIMONNET Romain Esteban;simonnet;Romain Esteban;Romain;Esteban;;ELEVES;5E1;z2p;03937081097;24/06/2008
SOBACO Maëlys Maryse Monique;sobacom;Maëlys Maryse Monique;Maëlys;Maryse;Monique;ELEVES;5E1;ynbr;03939081097;20/11/2007
TOURTIAUT Noa;tourtiaut;Noa;Noa;;;ELEVES;5E1;ik96;03953081097;25/08/2008
VILLENA Alexis Sébastien Julien;villenaa;Alexis Sébastien Julien;Alexis;Sébastien;Julien;ELEVES;5E1;gw6n;03961081097;11/05/2008
WERNIMONT Alyssia Florence Sylvaine;wernimont;Alyssia Florence Sylvaine;Alyssia;Florence;Sylvaine;ELEVES;5E1;2f4;03965081097;06/03/2008
ANNEQUIN Mathéo Jean-Louis;annequinm;Mathéo Jean-Louis;Mathéo;Jean-Louis;;ELEVES;5E2;pny8;03773081097;07/01/2008
BILLARD Jean Bernard Robert;billard;Jean Bernard Robert;Jean;Bernard;Robert;ELEVES;5E2;6ysg;03779081097;05/02/2008
BRION Antoine;brion;Antoine;Antoine;;;ELEVES;5E2;akh;03787081097;08/12/2008
BRION Hugo;brionh;Hugo;Hugo;;;ELEVES;5E2;ccfr;03789081097;08/12/2008
CHARBONNIER Julyan Bruno Jean-Paul;charbonniej;Julyan Bruno Jean-Paul;Julyan;Bruno;Jean-Paul;ELEVES;5E2;idnj;03797081097;23/10/2008
DEMOULIN Fanny Christiane Danielle;demoulin;Fanny Christiane Danielle;Fanny;Christiane;Danielle;ELEVES;5E2;vwk;03811081097;22/01/2008
DUJARDIN Tylia Bettina;dujardint;Tylia Bettina;Tylia;Bettina;;ELEVES;5E2;pfpa;03823081097;05/05/2008
ETIENNE Andréa Zoé Amy;etiennea;Andréa Zoé Amy;Andréa;Zoé;Amy;ELEVES;5E2;ises;03825081097;22/05/2008
FISSE Louis Pierre Lucas;fisse;Louis Pierre Lucas;Louis;Pierre;Lucas;ELEVES;5E2;jvu;03833081097;07/07/2008
GRESSET Shirley;gressets;Shirley;Shirley;;;ELEVES;5E2;4hrw;04286081097;04/02/2008
HERMAND Jade;hermand;Jade;Jade;;;ELEVES;5E2;jq5k;03853081097;12/02/2008
JOYEZ Marine;joyez;Marine;Marine;;;ELEVES;5E2;y3c;03857081097;11/08/2008
LAMORLETTE-VIATOUR Gwladys Marie-France Colette;lamorlette-;Gwladys Marie-France Colette;Gwladys;Marie-France;Colette;ELEVES;5E2;v9nq;03959081097;25/03/2008
LECORGNE CHERMONT Cloé Sylvie Annick;lecorgneche;Cloé Sylvie Annick;Cloé;Sylvie;Annick;ELEVES;5E2;j7mf;03871081097;20/09/2008
LEFEUVRE Manon Marie Pauline;lefeuvrem;Manon Marie Pauline;Manon;Marie;Pauline;ELEVES;5E2;w8i;04009081097;21/06/2008
MONART Erwan Xavier Maxence;monarte;Erwan Xavier Maxence;Erwan;Xavier;Maxence;ELEVES;5E2;bpqp;03895081097;21/02/2008
NEZER Mathis;nezer;Mathis;Mathis;;;ELEVES;5E2;m95;03901081097;22/07/2008
NICOLITCH Paul Arthur;nicolitch;Paul Arthur;Paul;Arthur;;ELEVES;5E2;et7;03903081097;27/04/2008
NIVOIT Marius Simon;nivoit;Marius Simon;Marius;Simon;;ELEVES;5E2;yuke;03907081097;16/10/2008
NORMAND Shelsy Liliane Jeanne;normand;Shelsy Liliane Jeanne;Shelsy;Liliane;Jeanne;ELEVES;5E2;k689;03911081097;02/07/2007
RENARD Amélie Rose;renarda;Amélie Rose;Amélie;Rose;;ELEVES;5E2;n3z8;03925081097;31/03/2008
SAINTE-ROSE-FANCHINE Margot Hélène Henriette;sainte-ros1;Margot Hélène Henriette;Margot;Hélène;Henriette;ELEVES;5E2;fpa;03933081097;15/12/2008
TACHENY Elina Sonia Corinne;tachenye;Elina Sonia Corinne;Elina;Sonia;Corinne;ELEVES;5E2;4fa;03949081097;09/08/2007
AMORY Elodie Mauricette Anne-Marie;amory;Elodie Mauricette Anne-Marie;Elodie;Mauricette;Anne-Marie;ELEVES;5E3;zkuy;04256081097;15/06/2007
BERTEAUX Kamélia Jacqueline Catherine;berteaux;Kamélia Jacqueline Catherine;Kamélia;Jacqueline;Catherine;ELEVES;5E3;z53y;03969081097;29/03/2008
CADET Mathéo Marceau Jérémy;cadet;Mathéo Marceau Jérémy;Mathéo;Marceau;Jérémy;ELEVES;5E3;g2g5;03971081097;02/02/2008
DELECLUSE Noa Louis Alain;deleclusen;Noa Louis Alain;Noa;Louis;Alain;ELEVES;5E3;xh5;03807081097;25/09/2008
HOTTIN-BARIAL William Vincent Peter;hottin-bari;William Vincent Peter;William;Vincent;Peter;ELEVES;5E3;dvr;03973081097;28/03/2008
LECOCHE Amandine;lecoche;Amandine;Amandine;;;ELEVES;5E3;p2k;03867081097;27/04/2008
LOTTERIE Lola;lotterie;Lola;Lola;;;ELEVES;5E3;cff;04318081097;30/08/2007
MENIS Nolan;menis;Nolan;Nolan;;;ELEVES;5E3;y96s;04254081097;08/10/2007
PREVOST-LANGUET Jade Sandrine Catherine;prevost-lan;Jade Sandrine Catherine;Jade;Sandrine;Catherine;ELEVES;5E3;5fb;03923081097;22/02/2008
SAGE Mathys Ryan Stéphane;sage;Mathys Ryan Stéphane;Mathys;Ryan;Stéphane;ELEVES;5E3;ne6;03931081097;31/10/2008
SOMVILLE Noa Daniel Maurice;somville;Noa Daniel Maurice;Noa;Daniel;Maurice;ELEVES;5E3;d574;03941081097;19/09/2008
BALTAZART Téo;baltazartt;Téo;Téo;;;ELEVES;5E4;wi4i;03775081097;04/09/2008
BOMBARON Célia;bombaron;Célia;Célia;;;ELEVES;5E4;ezzs;03783081097;17/08/2007
BOUDAUD Mathéo Bruno Pascal;boudaud;Mathéo Bruno Pascal;Mathéo;Bruno;Pascal;ELEVES;5E4;7mu;03785081097;03/04/2008
BREDA Anna;breda;Anna;Anna;;;ELEVES;5E4;4we8;04312081097;30/05/2008
BUARD Lenny Yann;buardl;Lenny Yann;Lenny;Yann;;ELEVES;5E4;nf3;03791081097;20/02/2008
CORBILLON Jade Noélia;corbillon;Jade Noélia;Jade;Noélia;;ELEVES;5E4;ppr;03801081097;07/06/2008
CUPIN Dany Steve Sylvain;cupind;Dany Steve Sylvain;Dany;Steve;Sylvain;ELEVES;5E4;fv3n;03803081097;07/12/2008
DEGAUGUE-FRANCOIS Gabriel Roger Daniel Guy;degaugue-fr;Gabriel Roger Daniel Guy;Gabriel;Roger;Daniel Guy;ELEVES;5E4;zsv;04272081097;20/10/2008
DUGENIE Eloïse;dugeniee;Eloïse;Eloïse;;;ELEVES;5E4;adm;03821081097;26/04/2008
GOBERT Tessa Laëtitia Chantal;gobertt;Tessa Laëtitia Chantal;Tessa;Laëtitia;Chantal;ELEVES;5E4;ce3c;03839081097;08/10/2008
GRASSET Cordélia Sylvie Joelle;grassetc;Cordélia Sylvie Joelle;Cordélia;Sylvie;Joelle;ELEVES;5E4;2nzv;03841081097;05/05/2008
GROUD Baptiste Faustin Romain;groud;Baptiste Faustin Romain;Baptiste;Faustin;Romain;ELEVES;5E4;vfk;03843081097;29/03/2008
GUIBERT Laura;guibertl;Laura;Laura;;;ELEVES;5E4;dw9m;03849081097;06/02/2008
LACASSAGNE Jules;lacassagnej;Jules;Jules;;;ELEVES;5E4;rjrm;03859081097;10/10/2008
LACASSAGNE Maëlle;lacassagnem;Maëlle;Maëlle;;;ELEVES;5E4;fr8a;03861081097;17/04/2007
NIVAILLE Paul François;nivaille;Paul François;Paul;François;;ELEVES;5E4;zfex;03905081097;18/05/2008
ORQUEVAUX Robin;orquevauxr;Robin;Robin;;;ELEVES;5E4;p69;03917081097;05/01/2008
PIERRON Lucas Cyril;pierron;Lucas Cyril;Lucas;Cyril;;ELEVES;5E4;sxi;03921081097;04/01/2008
POUGIN Mathis Théo;pougin;Mathis Théo;Mathis;Théo;;ELEVES;5E4;et7;03979081097;24/02/2008
STRZYZEWSKI Batiste;strzyzewski;Batiste;Batiste;;;ELEVES;5E4;a4c;03943081097;23/12/2008
SUQUET Ethan Nicolas;suquete;Ethan Nicolas;Ethan;Nicolas;;ELEVES;5E4;hgz;03945081097;24/07/2008
SZYNAL Laura Jessica Cassandra;szynall;Laura Jessica Cassandra;Laura;Jessica;Cassandra;ELEVES;5E4;8ffs;03947081097;23/05/2008
VERKARRE Luka Lilian Nathan;verkarrel;Luka Lilian Nathan;Luka;Lilian;Nathan;ELEVES;5E4;sp8;03957081097;19/11/2008
WILMART Lou;wilmart;Lou;Lou;;;ELEVES;5E4;dx2;03967081097;13/10/2008
ALLART Amélia Cassie Claudine;allart;Amélia Cassie Claudine;Amélia;Cassie;Claudine;ELEVES;5E5;ei7;03771081097;12/12/2008
CHAIT Ouahmed;chait;Ouahmed;Ouahmed;;;ELEVES;5E5;t43g;03795081097;30/08/2008
DE VREESE Maxim Lucas Gautier;devreesem;Maxim Lucas Gautier;Maxim;Lucas;Gautier;ELEVES;5E5;hwna;03805081097;05/12/2008
DEGREMONT Alicia Anita Sabrina;degremonta;Alicia Anita Sabrina;Alicia;Anita;Sabrina;ELEVES;5E5;rfds;04288081097;25/04/2007
DELIGNY Cassandra;deligny;Cassandra;Cassandra;;;ELEVES;5E5;qjg;03809081097;08/12/2008
FAUCHERON Eloïse Jany;faucheron;Eloïse Jany;Eloïse;Jany;;ELEVES;5E5;eag;03827081097;23/07/2008
GILLET Charline Léonie;gilletc;Charline Léonie;Charline;Léonie;;ELEVES;5E5;33h;03837081097;10/06/2008
HAVET Killian Philippe;havetk;Killian Philippe;Killian;Philippe;;ELEVES;5E5;pdd;03851081097;17/04/2008
LEFEBVRE Laure Anne-Marie Martine;lefebvre;Laure Anne-Marie Martine;Laure;Anne-Marie;Martine;ELEVES;5E5;8zb;03873081097;25/03/2008
LEMEE Lolae;lemee;Lolae;Lolae;;;ELEVES;5E5;xr2;03875081097;22/10/2008
LEROY Timéo Pierre;leroyt;Timéo Pierre;Timéo;Pierre;;ELEVES;5E5;tdsm;03877081097;09/11/2008
LESUEUR Elliott;lesueure;Elliott;Elliott;;;ELEVES;5E5;4fq;03879081097;21/10/2008
LOIZON Yoen Sacha Yanis;loizon;Yoen Sacha Yanis;Yoen;Sacha;Yanis;ELEVES;5E5;bs3w;03881081097;03/05/2008
MEHAULT Inès Marie Suzanne;mehault;Inès Marie Suzanne;Inès;Marie;Suzanne;ELEVES;5E5;28c;03887081097;23/01/2008
NEMERY Victoria Élisabeth Yvelise;nemeryv;Victoria Élisabeth Yvelise;Victoria;Élisabeth;Yvelise;ELEVES;5E5;iqx;03899081097;28/05/2007
ORCELLET Thomas Hubert Salvino;orcellet;Thomas Hubert Salvino;Thomas;Hubert;Salvino;ELEVES;5E5;ya4;03915081097;18/07/2007
RISS Kaïna Andréa;riss;Kaïna Andréa;Kaïna;Andréa;;ELEVES;5E5;csx;03929081097;14/04/2008
SCHEGGIA Nolhan;scheggia;Nolhan;Nolhan;;;ELEVES;5E5;mdud;03935081097;23/09/2008
STEY Léa Estelle;steyl;Léa Estelle;Léa;Estelle;;ELEVES;5E5;juh;04296081097;15/12/2008
THIEFIN Léo Laurent;thiefin;Léo Laurent;Léo;Laurent;;ELEVES;5E5;d2b8;03951081097;07/11/2008
ARNOULD Ashley;arnoulda;Ashley;Ashley;;;ELEVES;6E1;m8c;04240081097;08/09/2009
ARNOULD Louwil Tennessee Yaël;arnould;Louwil Tennessee Yaël;Louwil;Tennessee;Yaël;ELEVES;6E1;kymt;04042081097;23/07/2009
BOUILLARD Enzo Francis Albert;bouillard;Enzo Francis Albert;Enzo;Francis;Albert;ELEVES;6E1;6k6;04316081097;18/11/2009
CARLIER Léann Denise Huguette;carlierl;Léann Denise Huguette;Léann;Denise;Huguette;ELEVES;6E1;de5;04066081097;31/07/2009
CHRETIEN Sacha;chretien;Sacha;Sacha;;;ELEVES;6E1;hcv;04076081097;02/12/2009
COCU Mathieu Jonathan;cocu;Mathieu Jonathan;Mathieu;Jonathan;;ELEVES;6E1;ygh;04078081097;09/12/2009
FERRANDI Anny-Lee Jeanne Océane;ferrandi;Anny-Lee Jeanne Océane;Anny-Lee;Jeanne;Océane;ELEVES;6E1;4f6;04116081097;17/07/2009
GLOESNER Célia Agnès Monique;gloesner;Célia Agnès Monique;Célia;Agnès;Monique;ELEVES;6E1;66jw;04126081097;03/11/2009
GRUSELLE Soen;gruselle;Soen;Soen;;;ELEVES;6E1;c6yw;04130081097;03/04/2009
HUOT Romane Gwendoline;huotr;Romane Gwendoline;Romane;Gwendoline;;ELEVES;6E1;a2vv;04140081097;24/12/2009
JOSSET Maxence;josset;Maxence;Maxence;;;ELEVES;6E1;qzp;04244081097;10/09/2008
JOZWIAK Solane Dimitri;jozwiaks;Solane Dimitri;Solane;Dimitri;;ELEVES;6E1;2yh;04146081097;30/10/2008
KAUFFMANN Liloue;kauffmann;Liloue;Liloue;;;ELEVES;6E1;2pk;04148081097;07/03/2009
LE ROUX Eden Lucie Lana;lerouxe;Eden Lucie Lana;Eden;Lucie;Lana;ELEVES;6E1;4cdx;04248081097;31/07/2009
LEFORT Honorine;lefort;Honorine;Honorine;;;ELEVES;6E1;3hk;04160081097;31/03/2009
LESCUYER Louka Michel;lescuyerl;Louka Michel;Louka;Michel;;ELEVES;6E1;k4y;04162081097;11/08/2009
PAILLARD Camille Martine;paillard;Camille Martine;Camille;Martine;;ELEVES;6E1;g2tc;04188081097;07/08/2009
REGNIER Clara Léa Jacqueline;regnier;Clara Léa Jacqueline;Clara;Léa;Jacqueline;ELEVES;6E1;wke4;04202081097;05/01/2009
SCHMIT-KARL Théo Jean;schmit-kart;Théo Jean;Théo;Jean;;ELEVES;6E1;jzw;04290081097;27/12/2009
SIMONNET Léa Manon Béatrice;simonnetl;Léa Manon Béatrice;Léa;Manon;Béatrice;ELEVES;6E1;hhc;04216081097;04/02/2010
SIMON-PIERRARD Nathanaël Florent Mathieu;simon-pierr;Nathanaël Florent Mathieu;Nathanaël;Florent;Mathieu;ELEVES;6E1;aqb;04214081097;22/01/2009
AVELANGE Cameron Roger Albert;avelange;Cameron Roger Albert;Cameron;Roger;Albert;ELEVES;6E2;nbpi;04046081097;28/09/2009
AZZOUNI Lili-Rose Marie-Louise;azzouni;Lili-Rose Marie-Louise;Lili-Rose;Marie-Louise;;ELEVES;6E2;sr6;04048081097;06/06/2009
BARONNET Nataël Daniel;baronnet;Nataël Daniel;Nataël;Daniel;;ELEVES;6E2;mnbq;04050081097;09/03/2009
BRAULT Charlotte Thérèse Marie;brault;Charlotte Thérèse Marie;Charlotte;Thérèse;Marie;ELEVES;6E2;bakv;04062081097;16/02/2009
COLMART Marceau Jérôme Joël;colmart;Marceau Jérôme Joël;Marceau;Jérôme;Joël;ELEVES;6E2;vska;04242081097;31/12/2009
DE VREESE Adam Ernest Léon;devreesea;Adam Ernest Léon;Adam;Ernest;Léon;ELEVES;6E2;fzhg;04092081097;31/07/2009
DEGLAIRE Noé Pierre Jean;deglaire;Noé Pierre Jean;Noé;Pierre;Jean;ELEVES;6E2;nbpk;04096081097;31/03/2009
GARREC Mayline Jocelyne Aude;garrec;Mayline Jocelyne Aude;Mayline;Jocelyne;Aude;ELEVES;6E2;q5w;04120081097;13/10/2009
GRESSET Mathéo Frédéric Ethan;gresset;Mathéo Frédéric Ethan;Mathéo;Frédéric;Ethan;ELEVES;6E2;nyb;04128081097;17/04/2009
HUOT Océane Allison;huoto;Océane Allison;Océane;Allison;;ELEVES;6E2;vz6t;04138081097;24/12/2009
JACQUEMET Mathys;jacquemet;Mathys;Mathys;;;ELEVES;6E2;br4f;04142081097;18/06/2009
JACQUEMIN Théa;jacquemin;Théa;Théa;;;ELEVES;6E2;ttkx;04144081097;11/01/2009
LEFEBVRE Léa Jeannette Alexias;lefebvrel;Léa Jeannette Alexias;Léa;Jeannette;Alexias;ELEVES;6E2;wxkp;04158081097;14/08/2009
MARSILLI Emma Léna Marguerite;marsilli;Emma Léna Marguerite;Emma;Léna;Marguerite;ELEVES;6E2;7zve;04172081097;10/02/2009
MATHIOT Ezechiel;mathiot;Ezechiel;Ezechiel;;;ELEVES;6E2;wcvj;04174081097;19/02/2009
MOREIRA CORREIA DOS SANTOS Mélynda;moreiracorr;Mélynda;Mélynda;;;ELEVES;6E2;3nm6;04182081097;30/08/2008
NEMERY Zoé;nemery;Zoé;Zoé;;;ELEVES;6E2;q2jj;04184081097;12/12/2009
NEZER Nathaël Yoann;nezern;Nathaël Yoann;Nathaël;Yoann;;ELEVES;6E2;bea;04186081097;29/08/2009
PERCHERON Elisa Brigitte Thérèse;percheron;Elisa Brigitte Thérèse;Elisa;Brigitte;Thérèse;ELEVES;6E2;a7p;04190081097;24/01/2009
PIERRON Madeline Eléna Lucie;pierronm;Madeline Eléna Lucie;Madeline;Eléna;Lucie;ELEVES;6E2;a59;04194081097;12/02/2009
SAVART--THIBAULT Adélie Jeanne;savart--thi;Adélie Jeanne;Adélie;Jeanne;;ELEVES;6E2;bsz5;04208081097;15/04/2009
SAVART--THIBAULT Léane Madeleine;savart--thl;Léane Madeleine;Léane;Madeleine;;ELEVES;6E2;7st;04210081097;15/04/2009
SEPTIER Byron;septier;Byron;Byron;;;ELEVES;6E2;6gc3;04250081097;10/09/2009
STURBOIS Louane Anaïs Nathalie;sturbois;Louane Anaïs Nathalie;Louane;Anaïs;Nathalie;ELEVES;6E2;gbnb;04218081097;27/04/2009
BASOT Shawn Robert Michel;basot;Shawn Robert Michel;Shawn;Robert;Michel;ELEVES;6E3;ub7m;04310081097;05/07/2009
BEGUE Noa Richard Gérard;beguen;Noa Richard Gérard;Noa;Richard;Gérard;ELEVES;6E3;n8g;04052081097;30/07/2009
BERTRAND Romain Dominique Joël;bertrand;Romain Dominique Joël;Romain;Dominique;Joël;ELEVES;6E3;rrb;04054081097;06/03/2009
BILLAUT Alicia;billaut;Alicia;Alicia;;;ELEVES;6E3;q8y3;04056081097;01/10/2009
BOUVIER Anaelle;bouvier;Anaelle;Anaelle;;;ELEVES;6E3;u8mz;04060081097;12/01/2009
BRUNOIS GOIN Nolhan Christian Alain;brunoisgoin;Nolhan Christian Alain;Nolhan;Christian;Alain;ELEVES;6E3;qpm;04064081097;02/12/2009
CENDEBEE Lynda Annette Marie-Claude;cendebee;Lynda Annette Marie-Claude;Lynda;Annette;Marie-Claude;ELEVES;6E3;8xm6;04068081097;13/01/2009
CHAMAUX Bastien Vincent Pierre;chamauxb;Bastien Vincent Pierre;Bastien;Vincent;Pierre;ELEVES;6E3;m3ri;04070081097;03/06/2009
COLLET Léa Isabelle Evelyne;collet;Léa Isabelle Evelyne;Léa;Isabelle;Evelyne;ELEVES;6E3;tfk5;04080081097;21/10/2009
DE ANDRADE Tanguy Aaron;deandrade;Tanguy Aaron;Tanguy;Aaron;;ELEVES;6E3;9mg5;04090081097;22/07/2009
DUBOIS Mailynda Marina Sandra;duboism;Mailynda Marina Sandra;Mailynda;Marina;Sandra;ELEVES;6E3;sh2;04102081097;14/01/2009
DURY Emeline;dury;Emeline;Emeline;;;ELEVES;6E3;6bt;04106081097;24/03/2009
GILLOTIN Mathis Alexandre Teddy;gillotinm;Mathis Alexandre Teddy;Mathis;Alexandre;Teddy;ELEVES;6E3;amf3;04122081097;24/01/2009
HOTTIAUX Timothé Robert François;hottiauxt;Timothé Robert François;Timothé;Robert;François;ELEVES;6E3;8ua9;04134081097;30/06/2009
HUGUEVILLE Rose Linda;hugueville;Rose Linda;Rose;Linda;;ELEVES;6E3;ggpk;04136081097;19/06/2009
LACELLE-MANZONI Eléa Virginie Joëlle;lacelle-mae;Eléa Virginie Joëlle;Eléa;Virginie;Joëlle;ELEVES;6E3;c4kn;04152081097;09/06/2009
LEBON Jade Michèle Martine;lebonj;Jade Michèle Martine;Jade;Michèle;Martine;ELEVES;6E3;7tp;04156081097;06/07/2009
MELI Rosalie Aurore Annie;melir;Rosalie Aurore Annie;Rosalie;Aurore;Annie;ELEVES;6E3;znm3;04176081097;23/06/2009
PERREAULT Lena Michelle Claudette;perreault;Lena Michelle Claudette;Lena;Michelle;Claudette;ELEVES;6E3;jq4;04192081097;10/10/2009
PILOTTO Anna;pilotto;Anna;Anna;;;ELEVES;6E3;s95z;04252081097;23/06/2008
THEYS Crystal Georgette Monique;theys;Crystal Georgette Monique;Crystal;Georgette;Monique;ELEVES;6E3;e4ur;04220081097;27/08/2009
WYGAS Dominika;wygasd;Dominika;Dominika;;;ELEVES;6E3;5vu;04234081097;27/02/2009
BONOMME-HALLAERT Méline;bonomme-hal;Méline;Méline;;;ELEVES;6E4;7kgn;04058081097;06/11/2009
CHOPINEAUX Jade;chopineaux;Jade;Jade;;;ELEVES;6E4;8n8;04074081097;01/04/2009
COSSON Alex;cosson;Alex;Alex;;;ELEVES;6E4;nqmq;04084081097;02/09/2009
DANNEQUIN Tina Nicole Catherine;dannequin;Tina Nicole Catherine;Tina;Nicole;Catherine;ELEVES;6E4;rsw;04088081097;13/01/2009
DHERS Matthias Claude Christian;dhers;Matthias Claude Christian;Matthias;Claude;Christian;ELEVES;6E4;djx7;04100081097;14/05/2009
DUPUY Thalia;dupuy;Thalia;Thalia;;;ELEVES;6E4;yh3e;04104081097;09/02/2009
FAUCON Thibaut Stéphane Virginien;faucont;Thibaut Stéphane Virginien;Thibaut;Stéphane;Virginien;ELEVES;6E4;m9fk;04108081097;05/02/2009
FERLIN Léon;ferlinl;Léon;Léon;;;ELEVES;6E4;gijk;04110081097;13/06/2009
FERNANDES Noa Jean-Marie Adrien;fernandes;Noa Jean-Marie Adrien;Noa;Jean-Marie;Adrien;ELEVES;6E4;apu;04112081097;11/07/2009
FERON Noémie Elisabeth Sylvie;feronn;Noémie Elisabeth Sylvie;Noémie;Elisabeth;Sylvie;ELEVES;6E4;4uv;04114081097;09/09/2009
HAUDECOEUR Victor Jean Albert;haudecoeurv;Victor Jean Albert;Victor;Jean;Albert;ELEVES;6E4;zww;04132081097;18/05/2009
KLEIN Noah Jackie Albert;kleinn;Noah Jackie Albert;Noah;Jackie;Albert;ELEVES;6E4;qvgi;04150081097;18/08/2009
LAMBELIN Luka;lambelinl;Luka;Luka;;;ELEVES;6E4;kgx;04154081097;30/06/2009
LOY Valère Lucien Pierre;loyv;Valère Lucien Pierre;Valère;Lucien;Pierre;ELEVES;6E4;t3qn;04164081097;09/10/2009
MAILLARD Julia Madeleine Danielle;maillard;Julia Madeleine Danielle;Julia;Madeleine;Danielle;ELEVES;6E4;qzhh;04168081097;06/05/2009
MELLET Lylou;mellet;Lylou;Lylou;;;ELEVES;6E4;ix7j;04178081097;30/10/2009
POLOCZANSKI Mathis Frédéric Geoffrey;poloczanski;Mathis Frédéric Geoffrey;Mathis;Frédéric;Geoffrey;ELEVES;6E4;bi4;04198081097;03/10/2009
ROGUIN Hugo Noé;roguin;Hugo Noé;Hugo;Noé;;ELEVES;6E4;mqr;04204081097;11/06/2009
SENECHAL Enzo;senechal;Enzo;Enzo;;;ELEVES;6E4;2kv;04212081097;21/12/2009
THILLY-BUCHET Lilou;thilly-buch;Lilou;Lilou;;;ELEVES;6E4;gxri;04222081097;01/11/2009
VERBRUGGHE Gabriel Pierre Sylvain;verbrugghe;Gabriel Pierre Sylvain;Gabriel;Pierre;Sylvain;ELEVES;6E4;2ri;04228081097;25/02/2009
VERKARRE Antonin Jacques Nicolas;verkarre;Antonin Jacques Nicolas;Antonin;Jacques;Nicolas;ELEVES;6E4;373;03955081097;19/11/2008
ZINS Axel;zins;Axel;Axel;;;ELEVES;6E4;cdq;04238081097;03/08/2009
LAMBELIN Alexis Bryan;lambelina;Alexis Bryan;Alexis;Bryan;;ELEVES;Inactifs;7pz;03863081097;02/06/2007
LAMBELIN Teddy Sébastien;lambelint;Teddy Sébastien;Teddy;Sébastien;;ELEVES;Inactifs;gpp3;03865081097;02/06/2007
